"user_id","tenant_code"
"100","default"
"101","default"
"102","default"
"103","default"
"104","default"
"105","default"
"106","default"
"107","default"
"108","default"
"109","default"
"110","default"
"111","default"
"112","default"
"113","default"
"114","default"
"115","default"
"116","default"
"117","default"
"118","default"
"119","default"
"120","default"
"121","default"
"122","default"
"123","default"
"124","default"
"125","default"
"126","default"
"127","default"
"128","default"
"129","default"
"130","default"
"131","default"
"132","default"
"133","default"
"134","default"
"135","default"
"136","default"
"137","default"
"138","default"
"139","default"
"140","default"
"141","default"
"142","default"
"1422","default"
"1423","default"
"1424","default"
"1425","default"
"1427","default"
"1428","default"
"143","default"
"1434","default"
"1435","default"
"1436","default"
"1437","default"
"1438","default"
"1439","default"
"144","default"
"1440","default"
"1443","default"
"1444","default"
"1445","default"
"1446","default"
"1447","default"
"1448","default"
"1449","default"
"145","default"
"1450","default"
"1451","default"
"1452","default"
"1453","default"
"1454","default"
"1455","default"
"1456","default"
"1457","default"
"1458","default"
"1459","default"
"1462","default"
"1463","default"
"1464","default"
"1465","default"
"1466","default"
"1467","default"
"1468","default"
"1469","default"
"147","default"
"1470","default"
"1471","default"
"1472","default"
"1473","default"
"1474","default"
"1475","default"
"1476","default"
"1477","default"
"1478","default"
"1479","default"
"148","default"
"1480","default"
"1481","default"
"1482","default"
"1483","default"
"1484","default"
"1485","default"
"1486","default"
"1487","default"
"1488","default"
"1489","default"
"149","default"
"1490","default"
"1491","default"
"1492","default"
"1493","default"
"1494","default"
"1495","default"
"1496","default"
"1497","default"
"1498","default"
"1499","default"
"150","default"
"1500","default"
"1501","default"
"1504","default"
"1505","default"
"1506","default"
"1507","default"
"1508","default"
"1509","default"
"1510","default"
"1511","default"
"1512","default"
"1513","default"
"1514","default"
"1515","default"
"1516","default"
"1517","default"
"1518","default"
"1519","default"
"1520","default"
"1521","default"
"1522","default"
"1523","default"
"1524","default"
"1525","default"
"1526","default"
"1527","default"
"1528","default"
"1529","default"
"1530","default"
"1531","default"
"1532","default"
"1533","default"
"1534","default"
"1535","default"
"1536","default"
"1538","default"
"1539","default"
"1540","default"
"1541","default"
"1543","default"
"1544","default"
"1545","default"
"1546","default"
"1547","default"
"1548","default"
"1550","default"
"1551","default"
"1553","default"
"1554","default"
"1555","default"
"1556","default"
"1557","default"
"1558","default"
"1559","default"
"1560","default"
"1561","default"
"1562","default"
"1563","default"
"1564","default"
"1565","default"
"1566","default"
"1567","default"
"1568","default"
"1569","default"
"1570","default"
"1571","default"
"1572","default"
"1573","default"
"1574","default"
"1575","default"
"1576","default"
"1577","default"
"1578","default"
"1579","default"
"158","default"
"1580","default"
"1581","default"
"1582","default"
"1583","default"
"1584","default"
"1585","default"
"1586","default"
"1587","default"
"1588","default"
"1589","default"
"159","default"
"1590","default"
"1591","default"
"1592","default"
"1593","default"
"1594","default"
"1595","default"
"1596","default"
"1597","default"
"1598","default"
"1599","default"
"160","default"
"1600","default"
"1601","default"
"1602","default"
"1603","default"
"1604","default"
"161","default"
"1610","default"
"1611","default"
"1612","default"
"1613","default"
"1614","default"
"1615","default"
"1616","default"
"1617","default"
"1618","default"
"1619","default"
"162","default"
"1620","default"
"1621","default"
"1622","default"
"1623","default"
"1626","default"
"1627","default"
"1628","default"
"1629","default"
"163","default"
"1630","default"
"1631","default"
"1632","default"
"1634","default"
"1635","default"
"1636","default"
"1639","shikshagrahanew"
"164","default"
"169","default"
"1696","shikshagrahanew"
"1697","shikshagrahanew"
"1698","shikshagrahanew"
"1699","shikshagrahanew"
"170","default"
"1700","shikshagrahanew"
"1701","shikshagrahanew"
"1702","shikshagrahanew"
"1703","shikshagrahanew"
"1704","shikshagrahanew"
"1705","shikshagrahanew"
"1706","shikshagrahanew"
"1707","shikshagrahanew"
"171","default"
"172","default"
"173","default"
"174","default"
"175","default"
"176","default"
"177","default"
"178","default"
"179","default"
"180","default"
"181","default"
"182","default"
"183","default"
"184","default"
"185","default"
"186","default"
"187","default"
"188","default"
"189","default"
"190","default"
"191","default"
"192","default"
"193","default"
"194","default"
"195","default"
"196","default"
"197","default"
"198","default"
"199","default"
"200","default"
"201","default"
"202","default"
"203","default"
"204","default"
"205","default"
"206","default"
"207","default"
"208","default"
"209","default"
"210","default"
"211","default"
"212","default"
"213","default"
"214","default"
"215","default"
"216","default"
"217","default"
"218","default"
"219","default"
"220","default"
"221","default"
"222","default"
"223","default"
"224","default"
"225","default"
"226","default"
"227","default"
"228","default"
"229","default"
"230","default"
"231","default"
"232","default"
"233","default"
"234","default"
"235","default"
"236","default"
"237","default"
"238","default"
"239","default"
"240","default"
"241","default"
"242","default"
"243","default"
"244","default"
"245","default"
"246","default"
"247","default"
"248","default"
"249","default"
"250","default"
"251","default"
"252","default"
"253","default"
"254","default"
"255","default"
"256","default"
"257","default"
"258","default"
"259","default"
"260","default"
"261","default"
"262","default"
"263","default"
"264","default"
"265","default"
"266","default"
"267","default"
"268","default"
"270","default"
"271","default"
"273","default"
"274","default"
"275","default"
"278","default"
"279","default"
"280","default"
"281","default"
"282","default"
"283","default"
"284","default"
"285","default"
"286","default"
"287","default"
"288","default"
"289","default"
"290","default"
"291","default"
"292","default"
"293","default"
"294","default"
"295","default"
"296","default"
"297","default"
"298","default"
"299","default"
"300","default"
"301","default"
"302","default"
"303","default"
"304","default"
"305","default"
"306","default"
"307","default"
"308","default"
"309","default"
"310","default"
"311","default"
"312","default"
"313","default"
"314","default"
"315","default"
"316","default"
"317","default"
"318","default"
"319","default"
"32","default"
"320","default"
"321","default"
"322","default"
"323","default"
"324","default"
"325","default"
"326","default"
"327","default"
"328","default"
"329","default"
"330","default"
"331","default"
"332","default"
"333","default"
"334","default"
"335","default"
"336","default"
"337","default"
"338","default"
"339","default"
"340","default"
"341","default"
"342","default"
"343","default"
"344","default"
"345","default"
"346","default"
"347","default"
"348","default"
"349","default"
"350","default"
"351","default"
"352","default"
"353","default"
"354","default"
"355","default"
"356","default"
"357","default"
"358","default"
"359","default"
"360","default"
"361","default"
"362","default"
"363","default"
"364","default"
"365","default"
"366","default"
"367","default"
"368","default"
"369","default"
"37","default"
"370","default"
"371","default"
"372","default"
"373","default"
"374","default"
"375","default"
"376","default"
"377","default"
"378","default"
"379","default"
"380","default"
"381","default"
"382","default"
"383","default"
"384","default"
"385","default"
"386","default"
"387","default"
"388","default"
"389","default"
"390","default"
"391","default"
"392","default"
"393","default"
"394","default"
"395","default"
"396","default"
"397","default"
"398","default"
"399","default"
"400","default"
"401","default"
"402","default"
"403","default"
"404","default"
"405","default"
"406","default"
"407","default"
"408","default"
"409","default"
"410","default"
"411","default"
"412","default"
"413","default"
"414","default"
"415","default"
"416","default"
"417","default"
"418","default"
"419","default"
"420","default"
"421","default"
"422","default"
"423","default"
"424","default"
"425","default"
"426","default"
"427","default"
"428","default"
"429","default"
"430","default"
"431","default"
"432","default"
"433","default"
"434","default"
"435","default"
"436","default"
"437","default"
"438","default"
"439","default"
"440","default"
"441","default"
"442","default"
"443","default"
"444","default"
"445","default"
"446","default"
"447","default"
"448","default"
"449","default"
"450","default"
"451","default"
"452","default"
"453","default"
"454","default"
"455","default"
"456","default"
"457","default"
"458","default"
"459","default"
"460","default"
"461","default"
"462","default"
"463","default"
"464","default"
"465","default"
"466","default"
"467","default"
"468","default"
"469","default"
"470","default"
"471","default"
"472","default"
"473","default"
"474","default"
"475","default"
"476","default"
"477","default"
"478","default"
"479","default"
"480","default"
"481","default"
"482","default"
"483","default"
"484","default"
"485","default"
"486","default"
"487","default"
"488","default"
"489","default"
"490","default"
"491","default"
"492","default"
"493","default"
"494","default"
"495","default"
"496","default"
"497","default"
"498","default"
"499","default"
"500","default"
"501","default"
"502","default"
"503","default"
"504","default"
"505","default"
"506","default"
"507","default"
"508","default"
"509","default"
"510","default"
"511","default"
"512","default"
"513","default"
"514","default"
"515","default"
"516","default"
"517","default"
"518","default"
"519","default"
"520","default"
"521","default"
"522","default"
"523","default"
"524","default"
"525","default"
"526","default"
"527","default"
"528","default"
"529","default"
"530","default"
"531","default"
"532","default"
"533","default"
"534","default"
"549","default"
"55","default"
"550","default"
"551","default"
"552","default"
"553","default"
"555","default"
"556","default"
"557","default"
"558","default"
"559","default"
"56","default"
"560","default"
"561","default"
"562","default"
"563","default"
"564","default"
"565","default"
"566","default"
"567","default"
"568","default"
"569","default"
"570","default"
"571","default"
"572","default"
"574","default"
"575","default"
"576","default"
"577","default"
"578","default"
"579","default"
"58","default"
"580","default"
"581","default"
"583","default"
"584","default"
"585","default"
"586","default"
"587","default"
"588","default"
"589","default"
"59","default"
"590","default"
"591","default"
"592","default"
"593","default"
"594","default"
"595","default"
"596","default"
"597","default"
"598","default"
"599","default"
"60","default"
"600","default"
"601","default"
"602","default"
"603","default"
"604","default"
"605","default"
"606","default"
"607","default"
"608","default"
"609","default"
"61","default"
"610","default"
"611","default"
"612","default"
"613","default"
"614","default"
"615","default"
"616","default"
"617","default"
"619","default"
"62","default"
"620","default"
"621","default"
"622","default"
"623","default"
"624","default"
"625","default"
"626","default"
"627","default"
"628","default"
"629","default"
"63","default"
"630","default"
"631","default"
"632","default"
"633","default"
"634","default"
"635","default"
"636","default"
"637","default"
"638","default"
"639","default"
"64","default"
"640","default"
"641","default"
"642","default"
"643","default"
"644","default"
"645","default"
"646","default"
"647","default"
"648","default"
"649","default"
"65","default"
"650","default"
"651","default"
"652","default"
"653","default"
"654","default"
"655","default"
"657","default"
"659","default"
"66","default"
"661","default"
"662","default"
"663","default"
"664","default"
"666","default"
"667","default"
"669","default"
"67","default"
"670","default"
"671","default"
"672","default"
"674","default"
"675","default"
"677","default"
"678","default"
"679","default"
"68","default"
"680","default"
"682","default"
"683","default"
"684","default"
"685","default"
"687","default"
"688","default"
"689","default"
"69","default"
"690","default"
"691","default"
"692","default"
"693","default"
"694","default"
"695","default"
"699","default"
"7","default"
"70","default"
"71","default"
"711","default"
"712","default"
"713","default"
"72","default"
"73","default"
"74","default"
"75","default"
"76","default"
"77","default"
"78","default"
"79","default"
"80","default"
"81","default"
"82","default"
"83","default"
"84","default"
"85","default"
"86","default"
"87","default"
"88","default"
"89","default"
"90","default"
"91","default"
"92","default"
"93","default"
"94","default"
"95","default"
"96","default"
"97","default"
"98","default"
"99","default"
